﻿<?xml version="1.0" encoding="UTF-8"?>
<!-- Steven -->
<window>
  <!--<onload>RunScript(script.foobar)</onload>
  <onunload>SetProperty(foo,bar)</onunload>-->
  <defaultcontrol>111</defaultcontrol>
  <visible>Window.IsActive(Home)</visible>
  <zorder>1</zorder>
  
  <coordinates>
    <system>1</system>
    <posx>0</posx>
    <posy>0</posy>
  </coordinates>
  
  <controls>
    <control>
	<!-- Background image and video file with an overlay -->
    </control>
	<control type="group">
      <control type="image">
        <description>bg image</description>
        <width>1280</width>
        <height>720</height>
        <texture>background.jpg</texture>
        <visible>!Player.HasVideo</visible>
      </control>
      <control type="videowindow">
        <description>My first video control</description>
        <width>1280</width>
        <height>720</height>
        <visible>Player.HasVideo</visible>
      </control>
	   <!--Background image and video file with an overlay-->
      <control type="image">
		<posx>0</posx>
        <posy>-5</posy>
        <width>1280</width>
        <height>725</height>
        <texture>Panel4.png</texture>
        <visible>true</visible>
      </control> 
    </control>
	
	<control type="group">
      <posx>0</posx>
      <posy>0</posy>
      <control type="image">
		<animation effect="slide" start="0,70" end="0,0" time="400" delay="100" tween="sine">WindowOpen</animation>
        <animation effect="slide" start="0,0" end="0,70" time="400" delay="1000" tween="sine">WindowClose</animation>
		<posx>0</posx>
        <posy>-50</posy>
        <width>1280</width>
        <height>100</height>
        <texture>MediaInfoBackUpper.png</texture>
        <visible>true</visible>
      </control>
	  </control>
	 <control type="group">
	<control type="label" id="200">
        <posx>300</posx>
        <posy>-5</posy>
        <width>700</width>
        <font>font35_title</font>
        <align>center</align>
        <textcolor>FFEEEEFF</textcolor>
        <label>Verbrauchsmonitor</label>
      </control>
	  <control type="button" id="202">
			<animation effect="fade" start="0" time="400" delay="2600" >WindowOpen</animation>
			<posx>980</posx>
            <posy>0</posy>
            <width>300</width>
            <height>40</height>
            <texturefocus>MenuItemFO.png</texturefocus>
            <texturenofocus>MenuItemNF.png</texturenofocus>
			<!-- Schriftart noch unsicher! ICON (ID 202) muss auch noch geändert werden!-->
            <font>font30</font>
            <textcolor>FFEEEEFF</textcolor>
            <disabledcolor>FFEEEEFF</disabledcolor>
            <align>center</align>
            <textoffsetx>0</textoffsetx>
            <pulseonselect>true</pulseonselect>
            <onclick>-</onclick>
            <label>Hinzufügen</label>
			</control>
	</control>
	
	<control type="group">
        <posx>180</posx>
        <posy>50</posy>
        <control type="group">
          <animation effect="slide" start="-2000,0" end="0,0" time="200" delay="1000" tween="back">WindowOpen</animation>
          <animation effect="slide" start="0,0" end="1500,0" time="200" delay="100" tween="sine">WindowClose</animation>
          <control type="button" id="111">
			<posx>0</posx>
            <posy>0</posy>
            <width>950</width>
            <height>50</height>
            <texturefocus>MenuItemFO.png</texturefocus>
            <texturenofocus>MenuItemNF.png</texturenofocus>
            <font>font35_title</font>
            <textcolor>FFEEEEFF</textcolor>
            <disabledcolor>FFEEEEFF</disabledcolor>
            <align>left</align>
            <textoffsetx>0</textoffsetx>
            <pulseonselect>true</pulseonselect>
            <onclick>-</onclick>
            <label>Kraftstoffmenge:</label>
          </control>
        </control>
      
	  
	  <control type="group">
          <animation effect="slide" start="-2000,0" end="0,0" time="200" delay="1200" tween="back">WindowOpen</animation>
          <animation effect="slide" start="0,0" end="1500,0" time="200" delay="200" tween="sine">WindowClose</animation>
          <control type="button" id="112">
			<posx>0</posx>
            <posy>60</posy>
            <width>950</width>
            <height>50</height>
            <texturefocus>MenuItemFO.png</texturefocus>
            <texturenofocus>MenuItemNF.png</texturenofocus>
            <font>font35_title</font>
            <textcolor>FFEEEEFF</textcolor>
            <disabledcolor>FFEEEEFF</disabledcolor>
            <align>left</align>
            <textoffsetx>0</textoffsetx>
            <pulseonselect>true</pulseonselect>
            <label>Gesamtkosten:</label>
          </control>
        </control>
		
		<control type="group">
          <animation effect="slide" start="-2000,0" end="0,0" time="200" delay="1300" tween="back">WindowOpen</animation>
          <animation effect="slide" start="0,0" end="1500,0" time="200" delay="300" tween="sine">WindowClose</animation>
          <control type="button" id="113">
			<posx>0</posx>
            <posy>120</posy>
            <width>950</width>
            <height>50</height>
            <texturefocus>MenuItemFO.png</texturefocus>
            <texturenofocus>MenuItemNF.png</texturenofocus>
            <font>font35_title</font>
            <textcolor>FFEEEEFF</textcolor>
            <disabledcolor>FFEEEEFF</disabledcolor>
            <align>left</align>
            <textoffsetx>0</textoffsetx>
            <pulseonselect>true</pulseonselect>
            <label>Kraftstoffart:</label>
          </control>
        </control>
		
		<control type="group">
          <animation effect="slide" start="-2000,0" end="0,0" time="200" delay="1400" tween="back">WindowOpen</animation>
          <animation effect="slide" start="0,0" end="1500,0" time="200" delay="400" tween="sine">WindowClose</animation>
          <control type="button" id="114">
			<posx>0</posx>
            <posy>180</posy>
            <width>950</width>
            <height>50</height>
            <texturefocus>MenuItemFO.png</texturefocus>
            <texturenofocus>MenuItemNF.png</texturenofocus>
            <font>font35_title</font>
            <textcolor>FFEEEEFF</textcolor>
            <disabledcolor>FFEEEEFF</disabledcolor>
            <align>left</align>
            <textoffsetx>0</textoffsetx>
            <pulseonselect>true</pulseonselect>
            <label>Betankungsart:</label>
          </control>
        </control>
	 </control>
		
	  <control type="group">
        <posx>1100</posx>
        <posy>50</posy>
        <control type="label" id="122">
		  <posx>0</posx>
          <posy>0</posy>
          <width>400</width>
          <height>50</height>
          <font>font35_title</font>
          <align>right</align>
          <textcolor>FFEEEEFF</textcolor>
          <disabledcolor>FFEEEEFF</disabledcolor>
          <label>? L / ? L</label>
          <animation effect="fade" start= "0" time="200" delay="1000">WindowOpen</animation>
          <animation effect="fade" end="0" time="100" delay="100">WindowClose</animation>
        </control>
		<control type="label" id="123">
		  <posx>0</posx>
          <posy>60</posy>
          <width>400</width>
          <height>50</height>
          <font>font35_title</font>
          <align>right</align>
          <textcolor>FFEEEEFF</textcolor>
          <disabledcolor>FFEEEEFF</disabledcolor>
          <label>? €</label>
          <animation effect="fade" start= "0" time="200" delay="1100">WindowOpen</animation>
          <animation effect="fade" end="0" time="100" delay="200">WindowClose</animation>
        </control>
		<control type="label" id="124">
		  <posx>0</posx>
          <posy>120</posy>
          <width>400</width>
          <height>50</height>
          <font>font35_title</font>
          <align>right</align>
          <textcolor>FFEEEEFF</textcolor>
          <disabledcolor>FFEEEEFF</disabledcolor>
          <label> -</label>
          <animation effect="fade" start= "0" time="200" delay="1200">WindowOpen</animation>
          <animation effect="fade" end="0" time="100" delay="300">WindowClose</animation>
        </control>
		<control type="label" id="125">
		  <posx>0</posx>
          <posy>180</posy>
          <width>400</width>
          <height>50</height>
          <font>font35_title</font>
          <align>right</align>
          <textcolor>FFEEEEFF</textcolor>
          <disabledcolor>FFEEEEFF</disabledcolor>
          <label>Vollbetankung</label>
          <animation effect="fade" start= "0" time="200" delay="1300">WindowOpen</animation>
          <animation effect="fade" end="0" time="100" delay="400">WindowClose</animation>
        </control>
		</control>
		
		
	
	
		<control type="label" id="800">
			<animation effect="fade" start= "10" time="200" delay="1000">WindowOpen</animation>
			<animation effect="fade" end="0" time="200" delay="300">WindowClose</animation>
			<posx>140</posx>
            <posy>640</posy>
            <width>950</width>
            <height>50</height>
            <font>font35_title</font>
            <textcolor>orangered</textcolor>
            <disabledcolor>FFEEEEFF</disabledcolor>
            <align>center</align>
            <textoffsetx>0</textoffsetx>
            <pulseonselect>true</pulseonselect>
			<visible>true</visible>
            <label>Die Kraftstoffmenge die Sie getankt haben.</label>
          </control>
		  <control type="label" id="801">
			<animation effect="fade" start= "10" time="200" delay="1000">WindowOpen</animation>
			<animation effect="fade" end="0" time="200" delay="300">WindowClose</animation>
			<posx>140</posx>
            <posy>640</posy>
            <width>950</width>
            <height>50</height>
            <font>font35_title</font>
            <textcolor>orangered</textcolor>
            <disabledcolor>FFEEEEFF</disabledcolor>
            <align>center</align>
            <textoffsetx>0</textoffsetx>
            <pulseonselect>true</pulseonselect>
			<visible>true</visible>
            <label>Die Kosten für die gesamte Füllmenge.</label>
          </control>
		  <control type="label" id="802">
			<animation effect="fade" start= "10" time="200" delay="1000">WindowOpen</animation>
			<animation effect="fade" end="0" time="200" delay="300">WindowClose</animation>
			<posx>140</posx>
            <posy>640</posy>
            <width>950</width>
            <height>50</height>
            <font>font35_title</font>
            <textcolor>orangered</textcolor>
            <disabledcolor>FFEEEEFF</disabledcolor>
            <align>center</align>
            <textoffsetx>0</textoffsetx>
            <pulseonselect>true</pulseonselect>
			<visible>true</visible>
            <label>Die Krafstoffart die Sie aufgefüllt haben.</label>
          </control>
		  <control type="label" id="803">
			<animation effect="fade" start= "10" time="200" delay="1000">WindowOpen</animation>
			<animation effect="fade" end="0" time="200" delay="300">WindowClose</animation>
			<posx>100</posx>
            <posy>640</posy>
            <width>1100</width>
            <height>50</height>
            <font>font35_title</font>
            <textcolor>orangered</textcolor>
            <disabledcolor>FFEEEEFF</disabledcolor>
            <align>center</align>
            <textoffsetx>0</textoffsetx>
            <pulseonselect>true</pulseonselect>
			<visible>true</visible>
            <label>Die Art der Betankung die Sie durchgeführt haben.</label>
          </control>
  </controls>
</window>