<?xml version="1.0" encoding="UTF-8" standalone="yes"?>
<addon id="script.bmwVM" name="Verbrauchsmonitor für BMW" version="1.0.0" provider-name="Steven">
	<requires>
		<import addon="xbmc.python" version="2.14.0"/>
	</requires>
	<extension point="xbmc.service" library="service.py" start="startup" />
	<extension point="xbmc.python.script" library="addon.py">
		<provides>executable</provides>
	</extension>
	<extension point="xbmc.addon.metadata">
		<platform>all</platform>
		<summary lang="en">BMW VM Ausf. A-1</summary>
		<description lang="de">Verbrauchsmonitor für BMW.</description>
		<license>GNU General Public License, v2</license>
		<language></language>
		<forum></forum>
		<source></source>
		<website>www.bmwraspcontrol.de</website>
		<email>stevenschacht@gmx.de</email>
		<assets>
			<icon>icon.png</icon>
			<fanart>fanart.jpg</fanart>
			<screenshot>resources/screenshot-01.jpg</screenshot>
			<screenshot>resources/screenshot-02.jpg</screenshot>
			<screenshot>resources/screenshot-03.jpg</screenshot>
		</assets>
		<news></news>
	</extension>
</addon>
