﻿<?xml version="1.0" encoding="UTF-8"?>
<!-- Steven M. Schacht, 14.5.2018 -->
<window>
  <!--<onload>RunScript(script.foobar)</onload>
  <onunload>SetProperty(foo,bar)</onunload>-->
  <defaultcontrol>111</defaultcontrol>
  <visible>Window.IsActive(Home)</visible>
  <zorder>1</zorder>
  
  <coordinates>
    <system>1</system>
    <posx>0</posx>
    <posy>0</posy>
  </coordinates>
  
  <controls>
  
    <control>
	<!-- Background image and video file with an overlay -->
    </control>
	
	<control type="group">
      <control type="image">
        <description>bg image</description>
		<posx>0</posx>
        <posy>0</posy>
        <width>1280</width>
        <height>720</height>
        <texture>background.jpg</texture>
        <visible>!Player.HasVideo</visible>
      </control>
	  
      <control type="videowindow">
        <description>My first video control</description>
        <width>1280</width>
        <height>720</height>
        <visible>Player.HasVideo</visible>
      </control>
	  
      <control type="image">
	  <posx>0</posx>
      <posy>-5</posy>
        <width>1280</width>
        <height>725</height>
        <texture>Panel4.png</texture>
        <visible>true</visible>
      </control> 
    </control>
	
	<control type="group">
	  <animation effect="fade" start="0" time="400" delay="50" >WindowOpen</animation>
	  <animation effect="fade" end="0" time="300" delay="1400" >WindowClose</animation>
      <posx>0</posx>
      <posy>0</posy>
      <control type="image">
		<posx>0</posx>
        <posy>20</posy>
        <width>1280</width>
        <height>100</height>
        <texture>MediaInfoBackUpper.png</texture>
        <visible>true</visible>
      </control>
	  </control>
	  
	  <!-- Kopfzeile -->
	  
	 <control type="group">
	  
		<control type="label" id="200">
		<animation effect="fade" start="0" time="400" delay="200" >WindowOpen</animation>
		<animation effect="fade" end="0" time="300" delay="1300" >WindowClose</animation>
        <posx>300</posx>
        <posy>-5</posy>
        <width>700</width>
        <font>font35_title</font>
        <align>center</align>
        <textcolor>FFEEEEFF</textcolor>
        <label>Verbrauchsmonitor</label>
		</control>
		
		<control type="button" id="201">
			<animation effect="fade" start="0" time="400" delay="2600" >WindowOpen</animation>
			<animation effect="fade" end="0" time="300" delay="1300" >WindowClose</animation>
			<posx>10</posx>
            <posy>0</posy>
            <width>300</width>
            <height>40</height>
            <texturefocus>MenuItemFO.png</texturefocus>
            <texturenofocus>MenuItemNF.png</texturenofocus>
			<!-- Schriftart noch unsicher! ICON (ID 202) muss auch noch geändert werden!-->
            <font>font30</font>
            <textcolor>FFEEEEFF</textcolor>
            <disabledcolor>FFEEEEFF</disabledcolor>
            <align>center</align>
            <textoffsetx>0</textoffsetx>
            <pulseonselect>true</pulseonselect>
            <onclick>-</onclick>
            <label>Konfiguration</label>
          </control>
		  
		  <control type="button" id="202">
			<animation effect="fade" start="0" time="400" delay="2600" >WindowOpen</animation>
			<animation effect="fade" end="0" time="300" delay="1300" >WindowClose</animation>
			<posx>950</posx>
            <posy>0</posy>
            <width>300</width>
            <height>40</height>
            <texturefocus>MenuItemFO.png</texturefocus>
            <texturenofocus>MenuItemNF.png</texturenofocus>
			<!-- Schriftart noch unsicher! ICON (ID 202) muss auch noch geändert werden!-->
            <font>font30</font>
            <textcolor>FFEEEEFF</textcolor>
            <disabledcolor>FFEEEEFF</disabledcolor>
            <align>center</align>
            <textoffsetx>0</textoffsetx>
            <pulseonselect>true</pulseonselect>
            <onclick>-</onclick>
            <label>Hinzufügen</label>
          </control>  
	</control>
	
	<!-- Legende -->
	
	<control type="group">
		<animation effect="fade" start="0" time="400" delay="400" >WindowOpen</animation>
		<animation effect="fade" end="0" time="300" delay="1200" >WindowClose</animation>
        <posx>0</posx>
        <posy>60</posy>
		
		<control type="label" id="203">
			<posx>37</posx>
            <posy>0</posy>
            <width>950</width>
            <height>50</height>
            <font>font35_title</font>
            <textcolor>orangered</textcolor>
            <align>left</align>
            <label>Datum</label>
          </control>
		
		 <control type="label" id="204">
			<posx>200</posx>
            <posy>0</posy>
            <width>950</width>
            <height>50</height>
            <font>font35_title</font>
            <textcolor>orangered</textcolor>
            <align>left</align>
            <label>Tachostand</label>
          </control>
		  
		  <control type="label" id="205">
			<posx>448</posx>
            <posy>0</posy>
            <width>950</width>
            <height>50</height>
            <font>font35_title</font>
            <textcolor>orangered</textcolor>
            <align>left</align>
            <label>Konsum</label>
          </control>
		  
		  <control type="label" id="206">
			<posx>632</posx>
            <posy>0</posy>
            <width>950</width>
            <height>50</height>
            <font>font35_title</font>
            <textcolor>orangered</textcolor>
            <align>left</align>
            <label>Distanz</label>
          </control>
		  
		  <control type="label" id="207">
			<posx>815</posx>
            <posy>0</posy>
            <width>950</width>
            <height>50</height>
            <font>font35_title</font>
            <textcolor>orangered</textcolor>
            <align>left</align>
            <label>Menge</label>
          </control>
		  
		  <control type="label" id="208">
			<posx>985</posx>
            <posy>0</posy>
            <width>950</width>
            <height>50</height>
            <font>font35_title</font>
            <textcolor>orangered</textcolor>
            <align>left</align>
            <label>Kosten</label>
          </control>
		  
		  <control type="label" id="209">
			<posx>1155</posx>
            <posy>0</posy>
            <width>950</width>
            <height>50</height>
            <font>font35_title</font>
            <textcolor>orangered</textcolor>
            <align>left</align>
            <label>Sorte</label>
          </control>
		  
	</control>
	
	<!-- Liste -->

	<control type="group" id="666">
        <posx>10</posx>
        <posy>120</posy>
        <control type="group">
          <animation effect="fade" start="0" time="400" delay="600" >WindowOpen</animation>
		  <animation effect="fade" end="0" time="300" delay="1000" >WindowClose</animation>
          
		  <control type="button" id="111">
			<posx>0</posx>
            <posy>0</posy>
            <width>1260</width>
            <height>50</height>
            <texturefocus>MenuItemFO.png</texturefocus>
            <texturenofocus>MenuItemNF.png</texturenofocus>
            <font>font35_title</font>
            <textcolor>FFEEEEFF</textcolor>
            <disabledcolor>FFEEEEFF</disabledcolor>
            <align>left</align>
            <textoffsetx>0</textoffsetx>
			<onclick>-</onclick>
            <pulseonselect>true</pulseonselect>
            <label>14.08.92</label>
          </control>
		  
		  <control type="label" id="211">
			<posx>425</posx>
            <posy>-3</posy>
            <width>950</width>
            <height>50</height>
            <font>font35_title</font>
            <textcolor>FFEEEEFF</textcolor>
            <align>right</align>
            <label>136000 km</label>
          </control>
		  
		  <control type="label" id="212">
			<posx>600</posx>
            <posy>-3</posy>
            <width>950</width>
            <height>50</height>
            <font>font35_title</font>
            <textcolor>orangered</textcolor>
            <align>right</align>
            <label>8.6 L</label>
          </control>
		  
		  <control type="label" id="213">
			<posx>775</posx>
            <posy>-3</posy>
            <width>950</width>
            <height>50</height>
            <font>font35_title</font>
            <textcolor>FFEEEEFF</textcolor>
            <align>right</align>
            <label>650 km</label>
          </control>
		  
		  <control type="label" id="214">
			<posx>950</posx>
            <posy>-3</posy>
            <width>950</width>
            <height>50</height>
            <font>font35_title</font>
            <textcolor>FFEEEEFF</textcolor>
            <align>right</align>
            <label>55.6 L</label>
          </control>
		  
		  <control type="label" id="215">
			<posx>1145</posx>
            <posy>-3</posy>
            <width>950</width>
            <height>50</height>
            <font>font35_title</font>
            <textcolor>FFEEEEFF</textcolor>
            <align>right</align>
            <label>74.89 €</label>
          </control>
		  
		  <control type="label" id="216">
			<posx>1180</posx>
            <posy>-3</posy>
            <width>200</width>
            <height>50</height>
            <font>font35_title</font>
            <textcolor>FFEEEEFF</textcolor>
            <align>left</align>
            <label>S+</label>
          </control>
		  
        </control>
     </control>
	  
	 <control type="group" id="667">
        <posx>10</posx>
        <posy>180</posy>
        <control type="group">
			<animation effect="fade" start="0" time="400" delay="800" >WindowOpen</animation>
			<animation effect="fade" end="0" time="300" delay="900" >WindowClose</animation>
          
		  <control type="button" id="217">
			<posx>0</posx>
            <posy>0</posy>
            <width>1260</width>
            <height>50</height>
            <texturefocus>MenuItemFO.png</texturefocus>
            <texturenofocus>MenuItemNF.png</texturenofocus>
            <font>font35_title</font>
            <textcolor>FFEEEEFF</textcolor>
            <disabledcolor>FFEEEEFF</disabledcolor>
            <align>left</align>
            <textoffsetx>0</textoffsetx>
            <pulseonselect>true</pulseonselect>
            <label>14.08.92</label>
          </control>
		  
		  <control type="label" id="218">
			<posx>425</posx>
            <posy>-3</posy>
            <width>950</width>
            <height>50</height>
            <font>font35_title</font>
            <textcolor>FFEEEEFF</textcolor>
            <align>right</align>
            <label>136000 km</label>
          </control>
		  
		  <control type="label" id="219">
			<posx>600</posx>
            <posy>-3</posy>
            <width>950</width>
            <height>50</height>
            <font>font35_title</font>
            <textcolor>orangered</textcolor>
            <align>right</align>
            <label>8.6 L / 100 km</label>
          </control>
		  
		  <control type="label" id="220">
			<posx>775</posx>
            <posy>-3</posy>
            <width>950</width>
            <height>50</height>
            <font>font35_title</font>
            <textcolor>FFEEEEFF</textcolor>
            <align>right</align>
            <label>650 km</label>
          </control>
		  
		  <control type="label" id="221">
			<posx>950</posx>
            <posy>-3</posy>
            <width>950</width>
            <height>50</height>
            <font>font35_title</font>
            <textcolor>FFEEEEFF</textcolor>
            <align>right</align>
            <label>55.6 L / 63 L</label>
          </control>
		  
		  <control type="label" id="222">
			<posx>1145</posx>
            <posy>-3</posy>
            <width>950</width>
            <height>50</height>
            <font>font35_title</font>
            <textcolor>FFEEEEFF</textcolor>
            <align>right</align>
            <label>74.89 €</label>
          </control>
		  
		  <control type="label" id="223">
			<posx>1180</posx>
            <posy>-3</posy>
            <width>950</width>
            <height>50</height>
            <font>font35_title</font>
            <textcolor>FFEEEEFF</textcolor>
            <align>left</align>
            <label>S+</label>
          </control>
		  
		</control>
    </control>
	
	<control type="group" id="668">
        <posx>10</posx>
        <posy>240</posy>
        <control type="group">
          <animation effect="fade" start="0" time="400" delay="1000" >WindowOpen</animation>
	      <animation effect="fade" end="0" time="300" delay="800" >WindowClose</animation>
		  
		  <control type="button" id="224">
			<posx>0</posx>
            <posy>0</posy>
            <width>1260</width>
            <height>50</height>
            <texturefocus>MenuItemFO.png</texturefocus>
            <texturenofocus>MenuItemNF.png</texturenofocus>
            <font>font35_title</font>
            <textcolor>FFEEEEFF</textcolor>
            <disabledcolor>FFEEEEFF</disabledcolor>
            <align>left</align>
            <textoffsetx>0</textoffsetx>
            <pulseonselect>true</pulseonselect>
            <label>14.08.92</label>
          </control>
		  
		  <control type="label" id="225">
			<posx>425</posx>
            <posy>-3</posy>
            <width>950</width>
            <height>50</height>
            <font>font35_title</font>
            <textcolor>FFEEEEFF</textcolor>
            <align>right</align>
            <label>136000 km</label>
          </control>
		  
		  <control type="label" id="226">
			<posx>600</posx>
            <posy>-3</posy>
            <width>950</width>
            <height>50</height>
            <font>font35_title</font>
            <textcolor>orangered</textcolor>
            <align>right</align>
            <label>8.6 L / 100 km</label>
          </control>
		  
		  <control type="label" id="227">
			<posx>775</posx>
            <posy>-3</posy>
            <width>950</width>
            <height>50</height>
            <font>font35_title</font>
            <textcolor>FFEEEEFF</textcolor>
            <align>right</align>
            <label>650 km</label>
          </control>
		  
		  <control type="label" id="228">
			<posx>950</posx>
            <posy>-3</posy>
            <width>950</width>
            <height>50</height>
            <font>font35_title</font>
            <textcolor>FFEEEEFF</textcolor>
            <align>right</align>
            <label>55.6 L / 63 L</label>
          </control>
		  
		  <control type="label" id="229">
			<posx>1145</posx>
            <posy>-3</posy>
            <width>950</width>
            <height>50</height>
            <font>font35_title</font>
            <textcolor>FFEEEEFF</textcolor>
            <align>right</align>
            <label>74.89 €</label>
          </control>
		  
		  <control type="label" id="230">
			<posx>1180</posx>
            <posy>-3</posy>
            <width>950</width>
            <height>50</height>
            <font>font35_title</font>
            <textcolor>FFEEEEFF</textcolor>
            <align>left</align>
            <label>S+</label>
          </control>
		  
		</control>
    </control>
	
	<control type="group" id="669">
        <posx>10</posx>
        <posy>300</posy>
        <control type="group">
          <animation effect="fade" start="0" time="400" delay="1200" >WindowOpen</animation>
	      <animation effect="fade" end="0" time="300" delay="700" >WindowClose</animation>
          
		  <control type="button" id="231">
			<posx>0</posx>
            <posy>0</posy>
            <width>1260</width>
            <height>50</height>
            <texturefocus>MenuItemFO.png</texturefocus>
            <texturenofocus>MenuItemNF.png</texturenofocus>
            <font>font35_title</font>
            <textcolor>FFEEEEFF</textcolor>
            <disabledcolor>FFEEEEFF</disabledcolor>
            <align>left</align>
            <textoffsetx>0</textoffsetx>
            <pulseonselect>true</pulseonselect>
            <label>14.08.92</label>
          </control>
		  
		  <control type="label" id="232">
			<posx>425</posx>
            <posy>-3</posy>
            <width>950</width>
            <height>50</height>
            <font>font35_title</font>
            <textcolor>FFEEEEFF</textcolor>
            <align>right</align>
            <label>136000 km</label>
          </control>
		  
		  <control type="label" id="233">
			<posx>600</posx>
            <posy>-3</posy>
            <width>950</width>
            <height>50</height>
            <font>font35_title</font>
            <textcolor>orangered</textcolor>
            <align>right</align>
            <label>8.6 L / 100 km</label>
          </control>
		  
		  <control type="label" id="234">
			<posx>775</posx>
            <posy>-3</posy>
            <width>950</width>
            <height>50</height>
            <font>font35_title</font>
            <textcolor>FFEEEEFF</textcolor>
            <align>right</align>
            <label>650 km</label>
          </control>
		  
		  <control type="label" id="235">
			<posx>950</posx>
            <posy>-3</posy>
            <width>950</width>
            <height>50</height>
            <font>font35_title</font>
            <textcolor>FFEEEEFF</textcolor>
            <align>right</align>
            <label>55.6 L / 63 L</label>
          </control>
		  
		  <control type="label" id="236">
			<posx>1145</posx>
            <posy>-3</posy>
            <width>950</width>
            <height>50</height>
            <font>font35_title</font>
            <textcolor>FFEEEEFF</textcolor>
            <align>right</align>
            <label>74.89 €</label>
          </control>
		  
		  <control type="label" id="237">
			<posx>1180</posx>
            <posy>-3</posy>
            <width>950</width>
            <height>50</height>
            <font>font35_title</font>
            <textcolor>FFEEEEFF</textcolor>
            <align>left</align>
            <label>S+</label>
          </control>
		  
		</control>
    </control>
	
	<control type="group" id="670">
        <posx>10</posx>
        <posy>360</posy>
        <control type="group">
          <animation effect="fade" start="0" time="400" delay="1400" >WindowOpen</animation>
		  <animation effect="fade" end="0" time="300" delay="600" >WindowClose</animation>
          
		  <control type="button" id="238">
			<posx>0</posx>
            <posy>0</posy>
            <width>1260</width>
            <height>50</height>
            <texturefocus>MenuItemFO.png</texturefocus>
            <texturenofocus>MenuItemNF.png</texturenofocus>
            <font>font35_title</font>
            <textcolor>FFEEEEFF</textcolor>
            <disabledcolor>FFEEEEFF</disabledcolor>
            <align>left</align>
            <textoffsetx>0</textoffsetx>
            <pulseonselect>true</pulseonselect>
            <label>14.08.92</label>
          </control>
		  
		  <control type="label" id="239">
			<posx>425</posx>
            <posy>-3</posy>
            <width>950</width>
            <height>50</height>
            <font>font35_title</font>
            <textcolor>FFEEEEFF</textcolor>
            <align>right</align>
            <label>136000 km</label>
          </control>
		  
		  <control type="label" id="240">
			<posx>600</posx>
            <posy>-3</posy>
            <width>950</width>
            <height>50</height>
            <font>font35_title</font>
            <textcolor>orangered</textcolor>
            <align>right</align>
            <label>8.6 L / 100 km</label>
          </control>
		  
		  <control type="label" id="241">
			<posx>775</posx>
            <posy>-3</posy>
            <width>950</width>
            <height>50</height>
            <font>font35_title</font>
            <textcolor>FFEEEEFF</textcolor>
            <align>right</align>
            <label>650 km</label>
          </control>
		  
		  <control type="label" id="242">
			<posx>950</posx>
            <posy>-3</posy>
            <width>950</width>
            <height>50</height>
            <font>font35_title</font>
            <textcolor>FFEEEEFF</textcolor>
            <align>right</align>
            <label>55.6 L / 63 L</label>
          </control>
		  
		  <control type="label" id="243">
			<posx>1145</posx>
            <posy>-3</posy>
            <width>950</width>
            <height>50</height>
            <font>font35_title</font>
            <textcolor>FFEEEEFF</textcolor>
            <align>right</align>
            <label>74.89 €</label>
          </control>
		  
		  <control type="label" id="244">
			<posx>1180</posx>
            <posy>-3</posy>
            <width>950</width>
            <height>50</height>
            <font>font35_title</font>
            <textcolor>FFEEEEFF</textcolor>
            <align>left</align>
            <label>S+</label>
          </control>
		  
		</control>
    </control>
	
	<control type="group" id="671">
        <posx>10</posx>
        <posy>420</posy>
        <control type="group">
          <animation effect="fade" start="0" time="400" delay="1600" >WindowOpen</animation>
		  <animation effect="fade" end="0" time="300" delay="500" >WindowClose</animation>
          
		  <control type="button" id="245">
			<posx>0</posx>
            <posy>0</posy>
            <width>1260</width>
            <height>50</height>
            <texturefocus>MenuItemFO.png</texturefocus>
            <texturenofocus>MenuItemNF.png</texturenofocus>
            <font>font35_title</font>
            <textcolor>FFEEEEFF</textcolor>
            <disabledcolor>FFEEEEFF</disabledcolor>
            <align>left</align>
            <textoffsetx>0</textoffsetx>
            <pulseonselect>true</pulseonselect>
            <label>14.08.92</label>
          </control>
		  
		  <control type="label" id="246">
			<posx>425</posx>
            <posy>-3</posy>
            <width>950</width>
            <height>50</height>
            <font>font35_title</font>
            <textcolor>FFEEEEFF</textcolor>
            <align>right</align>
            <label>136000 km</label>
          </control>
		  
		  <control type="label" id="247">
			<posx>600</posx>
            <posy>-3</posy>
            <width>950</width>
            <height>50</height>
            <font>font35_title</font>
            <textcolor>orangered</textcolor>
            <align>right</align>
            <label>8.6 L / 100 km</label>
          </control>
		  
		  <control type="label" id="248">
			<posx>775</posx>
            <posy>-3</posy>
            <width>950</width>
            <height>50</height>
            <font>font35_title</font>
            <textcolor>FFEEEEFF</textcolor>
            <align>right</align>
            <label>650 km</label>
          </control>
		  
		  <control type="label" id="249">
			<posx>950</posx>
            <posy>-3</posy>
            <width>950</width>
            <height>50</height>
            <font>font35_title</font>
            <textcolor>FFEEEEFF</textcolor>
            <align>right</align>
            <label>55.6 L / 63 L</label>
          </control>
		  
		  <control type="label" id="250">
			<posx>1145</posx>
            <posy>-3</posy>
            <width>950</width>
            <height>50</height>
            <font>font35_title</font>
            <textcolor>FFEEEEFF</textcolor>
            <align>right</align>
            <label>74.89 €</label>
          </control>
		  
		  <control type="label" id="251">
			<posx>1180</posx>
            <posy>-3</posy>
            <width>950</width>
            <height>50</height>
            <font>font35_title</font>
            <textcolor>FFEEEEFF</textcolor>
            <align>left</align>
            <label>S+</label>
          </control>
		  
		</control>
    </control>
	
	<control type="group" id="672">
        <posx>10</posx>
        <posy>480</posy>
        <control type="group">
          <animation effect="fade" start="0" time="400" delay="1800" >WindowOpen</animation>
	      <animation effect="fade" end="0" time="300" delay="400" >WindowClose</animation>
          
		  <control type="button" id="252">
			<posx>0</posx>
            <posy>0</posy>
            <width>1260</width>
            <height>50</height>
            <texturefocus>MenuItemFO.png</texturefocus>
            <texturenofocus>MenuItemNF.png</texturenofocus>
            <font>font35_title</font>
            <textcolor>FFEEEEFF</textcolor>
            <disabledcolor>FFEEEEFF</disabledcolor>
            <align>left</align>
            <textoffsetx>0</textoffsetx>
            <pulseonselect>true</pulseonselect>
            <label>14.08.92</label>
          </control>
		  
		  <control type="label" id="253">
			<posx>425</posx>
            <posy>-3</posy>
            <width>950</width>
            <height>50</height>
            <font>font35_title</font>
            <textcolor>FFEEEEFF</textcolor>
            <align>right</align>
            <label>136000 km</label>
          </control>
		  
		  <control type="label" id="254">
			<posx>600</posx>
            <posy>-3</posy>
            <width>950</width>
            <height>50</height>
            <font>font35_title</font>
            <textcolor>orangered</textcolor>
            <align>right</align>
            <label>8.6 L / 100 km</label>
          </control>
		  
		  <control type="label" id="255">
			<posx>775</posx>
            <posy>-3</posy>
            <width>950</width>
            <height>50</height>
            <font>font35_title</font>
            <textcolor>FFEEEEFF</textcolor>
            <align>right</align>
            <label>650 km</label>
          </control>
		  
		  <control type="label" id="256">
			<posx>950</posx>
            <posy>-3</posy>
            <width>950</width>
            <height>50</height>
            <font>font35_title</font>
            <textcolor>FFEEEEFF</textcolor>
            <align>right</align>
            <label>55.6 L / 63 L</label>
          </control>
		  
		  <control type="label" id="257">
			<posx>1145</posx>
            <posy>-3</posy>
            <width>950</width>
            <height>50</height>
            <font>font35_title</font>
            <textcolor>FFEEEEFF</textcolor>
            <align>right</align>
            <label>74.89 €</label>
          </control>
		  
		  <control type="label" id="258">
			<posx>1180</posx>
            <posy>-3</posy>
            <width>950</width>
            <height>50</height>
            <font>font35_title</font>
            <textcolor>FFEEEEFF</textcolor>
            <align>left</align>
            <label>S+</label>
          </control>
		  
		</control>
    </control>
	
	<control type="group" id="673">
        <posx>10</posx>
        <posy>540</posy>
        <control type="group">
          <animation effect="fade" start="0" time="400" delay="2000" >WindowOpen</animation>
	      <animation effect="fade" end="0" time="300" delay="300" >WindowClose</animation>
          
		  <control type="button" id="259">
			<posx>0</posx>
            <posy>0</posy>
            <width>1260</width>
            <height>50</height>
            <texturefocus>MenuItemFO.png</texturefocus>
            <texturenofocus>MenuItemNF.png</texturenofocus>
            <font>font35_title</font>
            <textcolor>FFEEEEFF</textcolor>
            <disabledcolor>FFEEEEFF</disabledcolor>
            <align>left</align>
            <textoffsetx>0</textoffsetx>
            <pulseonselect>true</pulseonselect>
            <label>14.08.92</label>
          </control>
		  
		  <control type="label" id="260">
			<posx>425</posx>
            <posy>-3</posy>
            <width>950</width>
            <height>50</height>
            <font>font35_title</font>
            <textcolor>FFEEEEFF</textcolor>
            <align>right</align>
            <label>136000 km</label>
          </control>
		  
		  <control type="label" id="261">
			<posx>600</posx>
            <posy>-3</posy>
            <width>950</width>
            <height>50</height>
            <font>font35_title</font>
            <textcolor>orangered</textcolor>
            <align>right</align>
            <label>8.6 L / 100 km</label>
          </control>
		  
		  <control type="label" id="262">
			<posx>775</posx>
            <posy>-3</posy>
            <width>950</width>
            <height>50</height>
            <font>font35_title</font>
            <textcolor>FFEEEEFF</textcolor>
            <align>right</align>
            <label>650 km</label>
          </control>
		  
		  <control type="label" id="263">
			<posx>950</posx>
            <posy>-3</posy>
            <width>950</width>
            <height>50</height>
            <font>font35_title</font>
            <textcolor>FFEEEEFF</textcolor>
            <align>right</align>
            <label>55.6 L / 63 L</label>
          </control>
		  
		  <control type="label" id="264">
			<posx>1145</posx>
            <posy>-3</posy>
            <width>950</width>
            <height>50</height>
            <font>font35_title</font>
            <textcolor>FFEEEEFF</textcolor>
            <align>right</align>
            <label>74.89 €</label>
          </control>
		  
		  <control type="label" id="265">
			<posx>1180</posx>
            <posy>-3</posy>
            <width>950</width>
            <height>50</height>
            <font>font35_title</font>
            <textcolor>FFEEEEFF</textcolor>
            <align>left</align>
            <label>S+</label>
          </control>
		  
		</control>
    </control>
	
	<control type="group" id="674">
        <posx>10</posx>
        <posy>600</posy>
        <control type="group">
          <animation effect="fade" start="0" time="400" delay="2200" >WindowOpen</animation>
	      <animation effect="fade" end="0" time="300" delay="200" >WindowClose</animation>
          
		  <control type="button" id="266">
			<posx>0</posx>
            <posy>0</posy>
            <width>1260</width>
            <height>50</height>
            <texturefocus>MenuItemFO.png</texturefocus>
            <texturenofocus>MenuItemNF.png</texturenofocus>
            <font>font35_title</font>
            <textcolor>FFEEEEFF</textcolor>
            <disabledcolor>FFEEEEFF</disabledcolor>
            <align>left</align>
            <textoffsetx>0</textoffsetx>
            <pulseonselect>true</pulseonselect>
            <label>14.08.92</label>
          </control>
		  
		  <control type="label" id="267">
			<posx>425</posx>
            <posy>-3</posy>
            <width>950</width>
            <height>50</height>
            <font>font35_title</font>
            <textcolor>FFEEEEFF</textcolor>
            <align>right</align>
            <label>136000 km</label>
          </control>
		  
		  <control type="label" id="268">
			<posx>600</posx>
            <posy>-3</posy>
            <width>950</width>
            <height>50</height>
            <font>font35_title</font>
            <textcolor>orangered</textcolor>
            <align>right</align>
            <label>8.6 L / 100 km</label>
          </control>
		  
		  <control type="label" id="269">
			<posx>775</posx>
            <posy>-3</posy>
            <width>950</width>
            <height>50</height>
            <font>font35_title</font>
            <textcolor>FFEEEEFF</textcolor>
            <align>right</align>
            <label>650 km</label>
          </control>
		  
		  <control type="label" id="270">
			<posx>950</posx>
            <posy>-3</posy>
            <width>950</width>
            <height>50</height>
            <font>font35_title</font>
            <textcolor>FFEEEEFF</textcolor>
            <align>right</align>
            <label>55.6 L / 63 L</label>
          </control>
		  
		  <control type="label" id="271">
			<posx>1145</posx>
            <posy>-3</posy>
            <width>950</width>
            <height>50</height>
            <font>font35_title</font>
            <textcolor>FFEEEEFF</textcolor>
            <align>right</align>
            <label>74.89 €</label>
          </control>
		  
		  <control type="label" id="272">
			<posx>1180</posx>
            <posy>-3</posy>
            <width>950</width>
            <height>50</height>
            <font>font35_title</font>
            <textcolor>FFEEEEFF</textcolor>
            <align>left</align>
            <label>S+</label>
          </control>
		  
		</control>
    </control>
	
	<control type="group" id="675">
        <posx>10</posx>
        <posy>660</posy>
        <control type="group">
          <animation effect="fade" start="0" time="400" delay="2400" >WindowOpen</animation>
	      <animation effect="fade" end="0" time="300" delay="100" >WindowClose</animation>
          
		  <control type="button" id="273">
			<posx>0</posx>
            <posy>0</posy>
            <width>1260</width>
            <height>50</height>
            <texturefocus>MenuItemFO.png</texturefocus>
            <texturenofocus>MenuItemNF.png</texturenofocus>
            <font>font35_title</font>
            <textcolor>FFEEEEFF</textcolor>
            <disabledcolor>FFEEEEFF</disabledcolor>
            <align>left</align>
            <textoffsetx>0</textoffsetx>
            <pulseonselect>true</pulseonselect>
            <label>14.08.92</label>
          </control>
		  
		  <control type="label" id="274">
			<posx>425</posx>
            <posy>-3</posy>
            <width>950</width>
            <height>50</height>
            <font>font35_title</font>
            <textcolor>FFEEEEFF</textcolor>
            <align>right</align>
            <label>136000 km</label>
          </control>
		  
		  <control type="label" id="275">
			<posx>600</posx>
            <posy>-3</posy>
            <width>950</width>
            <height>50</height>
            <font>font35_title</font>
            <textcolor>orangered</textcolor>
            <align>right</align>
            <label>8.6 L / 100 km</label>
          </control>
		  
		  <control type="label" id="276">
			<posx>775</posx>
            <posy>-3</posy>
            <width>950</width>
            <height>50</height>
            <font>font35_title</font>
            <textcolor>FFEEEEFF</textcolor>
            <align>right</align>
            <label>650 km</label>
          </control>
		  
		  <control type="label" id="277">
			<posx>950</posx>
            <posy>-3</posy>
            <width>950</width>
            <height>50</height>
            <font>font35_title</font>
            <textcolor>FFEEEEFF</textcolor>
            <align>right</align>
            <label>55.6 L / 63 L</label>
          </control>
		  
		  <control type="label" id="278">
			<posx>1145</posx>
            <posy>-3</posy>
            <width>950</width>
            <height>50</height>
            <font>font35_title</font>
            <textcolor>FFEEEEFF</textcolor>
            <align>right</align>
            <label>74.89 €</label>
          </control>
		  
		  <control type="label" id="279">
			<posx>1180</posx>
            <posy>-3</posy>
            <width>950</width>
            <height>50</height>
            <font>font35_title</font>
            <textcolor>FFEEEEFF</textcolor>
            <align>left</align>
            <label>S+</label>
          </control>
		  
		</control>
    </control>
</controls>
  
  
</window>